Title,Cost,Reviews.href,Reviews.text,property6,Age,index,url
Bond 50  The Complete 23 Film Collection with Skyfall,$174.98 ,http //www.amazon.com/Bond-50-Complete-Collection-Skyfall/dp/B00EK6RM92/ref=sr_1_1/190-1869371-6071320?s=movies-tv&ie=UTF8&qid=1447642725&sr=1-1&keywords=james+bond+collection#customerReviews,792,2013,PG-13,1,http //www.amazon.com/s/ref=nb_sb_ss_c_0_11?url=search-alias%3Dmovies-tv&field-keywords=james+bond+collection&sprefix=James+Bond+%2Caps%2C445
James Bond Collection,$94.72 ,http //www.amazon.com/James-Collection-Blu-ray-Daniel-Craig/dp/B0126ZK6GE/ref=sr_1_2/190-1869371-6071320?s=movies-tv&ie=UTF8&qid=1447642725&sr=1-2&keywords=james+bond+collection#customerReviews,234,2015,PG-13,2,http //www.amazon.com/s/ref=nb_sb_ss_c_0_11?url=search-alias%3Dmovies-tv&field-keywords=james+bond+collection&sprefix=James+Bond+%2Caps%2C445
Bond 50  Celebrating 5 Decades of Bond,$129.00 ,http //www.amazon.com/Bond-50-Celebrating-Decades/dp/B006U1JD5G/ref=sr_1_3/190-1869371-6071320?s=movies-tv&ie=UTF8&qid=1447642725&sr=1-3&keywords=james+bond+collection#customerReviews,433,2012,Unrated,3,http //www.amazon.com/s/ref=nb_sb_ss_c_0_11?url=search-alias%3Dmovies-tv&field-keywords=james+bond+collection&sprefix=James+Bond+%2Caps%2C445
The James Bond Collection  boxed set,$31.01 ,http //www.amazon.com/James-Bond-Collection-boxed-Special/dp/B0000BYRO9/ref=sr_1_4/190-1869371-6071320?s=movies-tv&ie=UTF8&qid=1447642725&sr=1-4&keywords=james+bond+collection#customerReviews,120,1965,PG,4,http //www.amazon.com/s/ref=nb_sb_ss_c_0_11?url=search-alias%3Dmovies-tv&field-keywords=james+bond+collection&sprefix=James+Bond+%2Caps%2C445
The Ultimate James Bond Collection,$173.49 ,http //www.amazon.com/Ultimate-James-Bond-Collection-Blu-ray/dp/B011KG2G5O/ref=sr_1_5/190-1869371-6071320?s=movies-tv&ie=UTF8&qid=1447642725&sr=1-5&keywords=james+bond+collection#customerReviews,12,2015,PG-13,5,http //www.amazon.com/s/ref=nb_sb_ss_c_0_11?url=search-alias%3Dmovies-tv&field-keywords=james+bond+collection&sprefix=James+Bond+%2Caps%2C445
Sean Connery  007 Collection  Vol. 1,$25.89 ,http //www.amazon.com/Sean-Connery-007-Collection-Vol/dp/B004BR7XLM/ref=sr_1_6/190-1869371-6071320?s=movies-tv&ie=UTF8&qid=1447642725&sr=1-6&keywords=james+bond+collection#customerReviews,127,1962,Unrated,6,http //www.amazon.com/s/ref=nb_sb_ss_c_0_11?url=search-alias%3Dmovies-tv&field-keywords=james+bond+collection&sprefix=James+Bond+%2Caps%2C445
The James Bond Collection  Vol. 2,$139.99 ,http //www.amazon.com/James-Bond-Collection-Vol-Special/dp/B0000BYRO7/ref=sr_1_7/190-1869371-6071320?s=movies-tv&ie=UTF8&qid=1447642725&sr=1-7&keywords=james+bond+collection#customerReviews,112,1981,PG,7,http //www.amazon.com/s/ref=nb_sb_ss_c_0_11?url=search-alias%3Dmovies-tv&field-keywords=james+bond+collection&sprefix=James+Bond+%2Caps%2C445
Roger Moore Ultimate 007 James Bond Edition  Volume 1,$32.18 ,http //www.amazon.com/Roger-Moore-Ultimate-James-Bond/dp/B009PN18R2/ref=sr_1_8/190-1869371-6071320?s=movies-tv&ie=UTF8&qid=1447642725&sr=1-8&keywords=james+bond+collection#customerReviews,51,2013,PG,8,http //www.amazon.com/s/ref=nb_sb_ss_c_0_11?url=search-alias%3Dmovies-tv&field-keywords=james+bond+collection&sprefix=James+Bond+%2Caps%2C445
The James Bond Collection  Vol. 1,$99.69 ,http //www.amazon.com/James-Bond-Collection-Vol-Special/dp/B00006BH8G/ref=sr_1_9/190-1869371-6071320?s=movies-tv&ie=UTF8&qid=1447642725&sr=1-9&keywords=james+bond+collection#customerReviews,126,1995,PG-13,9,http //www.amazon.com/s/ref=nb_sb_ss_c_0_11?url=search-alias%3Dmovies-tv&field-keywords=james+bond+collection&sprefix=James+Bond+%2Caps%2C445
Sean Connery 007 Collection Volume 2 Ultimate Edition,,http //www.amazon.com/Sean-Connery-007-Collection-Ultimate/dp/B008YAPQX4/ref=sr_1_12/190-1869371-6071320?s=movies-tv&ie=UTF8&qid=1447642725&sr=1-12&keywords=james+bond+collection#customerReviews,138,2012,NR,10,http //www.amazon.com/s/ref=nb_sb_ss_c_0_11?url=search-alias%3Dmovies-tv&field-keywords=james+bond+collection&sprefix=James+Bond+%2Caps%2C445
The Daniel Craig Collection - James Bond 007 - Limited Edition Steelbook - Includes Casino Royale  Quantum Of...,$45.99 ,http //www.amazon.com/Daniel-Craig-Collection-Limited-Steelbook/dp/B0142WJ246/ref=sr_1_10/190-1869371-6071320?s=movies-tv&ie=UTF8&qid=1447642725&sr=1-10&keywords=james+bond+collection#customerReviews,154,2015,PG-13,11,http //www.amazon.com/s/ref=nb_sb_ss_c_0_11?url=search-alias%3Dmovies-tv&field-keywords=james+bond+collection&sprefix=James+Bond+%2Caps%2C445
James Bond Ultimate Edition - Vol. 1,$71.89 ,http //www.amazon.com/James-Bond-Ultimate-Goldfinger-Daylights/dp/B00000BLFI/ref=sr_1_11/190-1869371-6071320?s=movies-tv&ie=UTF8&qid=1447642725&sr=1-11&keywords=james+bond+collection#customerReviews,131,1974,PG,12,http //www.amazon.com/s/ref=nb_sb_ss_c_0_11?url=search-alias%3Dmovies-tv&field-keywords=james+bond+collection&sprefix=James+Bond+%2Caps%2C445
007  Daniel Craig Collection,$94.77 ,http //www.amazon.com/007-Collection-Quantum-Skyfall-Blu-ray/dp/B00BPMGFLK/ref=sr_1_13/190-1869371-6071320?s=movies-tv&ie=UTF8&qid=1447642725&sr=1-13&keywords=james+bond+collection#customerReviews,104,2013,PG-13,13,http //www.amazon.com/s/ref=nb_sb_ss_c_0_11?url=search-alias%3Dmovies-tv&field-keywords=james+bond+collection&sprefix=James+Bond+%2Caps%2C445
Roger Moore Ultimate 007 James Bond Edition  Vol. 2,$44.89 ,http //www.amazon.com/Roger-Moore-Ultimate-James-Bond/dp/B009PN3OD8/ref=sr_1_14/190-1869371-6071320?s=movies-tv&ie=UTF8&qid=1447642725&sr=1-14&keywords=james+bond+collection#customerReviews,39,2013,PG,14,http //www.amazon.com/s/ref=nb_sb_ss_c_0_11?url=search-alias%3Dmovies-tv&field-keywords=james+bond+collection&sprefix=James+Bond+%2Caps%2C445
James Bond Ultimate Edition - Vol. 3,$96.89 ,http //www.amazon.com/James-Bond-Ultimate-GoldenEye-Majestys/dp/B000ICM5V2/ref=sr_1_15/190-1869371-6071320?s=movies-tv&ie=UTF8&qid=1447642725&sr=1-15&keywords=james+bond+collection#customerReviews,101,1995,PG-13,15,http //www.amazon.com/s/ref=nb_sb_ss_c_0_11?url=search-alias%3Dmovies-tv&field-keywords=james+bond+collection&sprefix=James+Bond+%2Caps%2C445
James Bond Ultimate Edition - Vol. 2,$67.95 ,http //www.amazon.com/James-Bond-Ultimate-Thunderball-Another/dp/B00000BCPF/ref=sr_1_16/190-1869371-6071320?s=movies-tv&ie=UTF8&qid=1447642725&sr=1-16&keywords=james+bond+collection#customerReviews,94,1965,PG,16,http //www.amazon.com/s/ref=nb_sb_ss_c_0_11?url=search-alias%3Dmovies-tv&field-keywords=james+bond+collection&sprefix=James+Bond+%2Caps%2C445
