collection1,,,,
title,cost,runtime,index,url
Celebrate James Bond's 50th Anniversary,$0.00 ,"Runtime:,2 mins",1,http://www.amazon.com/s/ref=nb_sb_noss?url=search-alias%3Daps&field-keywords=james+bond+in+movies&rh=i%3Aaps%2Ck%3Ajames+bond+in+movies&ajr=0
Bond 50: The Complete 23 Film Collection with Skyfall,$164.98 ,,2,http://www.amazon.com/s/ref=nb_sb_noss?url=search-alias%3Daps&field-keywords=james+bond+in+movies&rh=i%3Aaps%2Ck%3Ajames+bond+in+movies&ajr=0
Death in Venice - CASINO ROYALE,$0.00 ,"Runtime:,24 mins",3,http://www.amazon.com/s/ref=nb_sb_noss?url=search-alias%3Daps&field-keywords=james+bond+in+movies&rh=i%3Aaps%2Ck%3Ajames+bond+in+movies&ajr=0
Quantum of Solace,$9.99 ,"Runtime:,1 hr 47 mins",4,http://www.amazon.com/s/ref=nb_sb_noss?url=search-alias%3Daps&field-keywords=james+bond+in+movies&rh=i%3Aaps%2Ck%3Ajames+bond+in+movies&ajr=0
Casino Royale,$9.99 ,"Runtime:,2 hrs 24 mins",5,http://www.amazon.com/s/ref=nb_sb_noss?url=search-alias%3Daps&field-keywords=james+bond+in+movies&rh=i%3Aaps%2Ck%3Ajames+bond+in+movies&ajr=0
Skyfall,$12.99 ,"Runtime:,2 hrs 23 mins",6,http://www.amazon.com/s/ref=nb_sb_noss?url=search-alias%3Daps&field-keywords=james+bond+in+movies&rh=i%3Aaps%2Ck%3Ajames+bond+in+movies&ajr=0
Goldfinger,$7.99 ,"Runtime:,1 hr 51 mins",7,http://www.amazon.com/s/ref=nb_sb_noss?url=search-alias%3Daps&field-keywords=james+bond+in+movies&rh=i%3Aaps%2Ck%3Ajames+bond+in+movies&ajr=0
In Deep,$0.00 ,"Runtime:,1 hr 17 mins",8,http://www.amazon.com/s/ref=nb_sb_noss?url=search-alias%3Daps&field-keywords=james+bond+in+movies&rh=i%3Aaps%2Ck%3Ajames+bond+in+movies&ajr=0
Dr. No,$12.99 ,"Runtime:,1 hr 50 mins",9,http://www.amazon.com/s/ref=nb_sb_noss?url=search-alias%3Daps&field-keywords=james+bond+in+movies&rh=i%3Aaps%2Ck%3Ajames+bond+in+movies&ajr=0
Goldeneye,$2.99 ,"Runtime:,2 hrs 10 mins",10,http://www.amazon.com/s/ref=nb_sb_noss?url=search-alias%3Daps&field-keywords=james+bond+in+movies&rh=i%3Aaps%2Ck%3Ajames+bond+in+movies&ajr=0
"The James Bond Collection, boxed set",$31.01 ,"Runtime:,13 hrs 7 mins",11,http://www.amazon.com/s/ref=nb_sb_noss?url=search-alias%3Daps&field-keywords=james+bond+in+movies&rh=i%3Aaps%2Ck%3Ajames+bond+in+movies&ajr=0
From Russia With Love,$12.99 ,"Runtime:,1 hr 56 mins",12,http://www.amazon.com/s/ref=nb_sb_noss?url=search-alias%3Daps&field-keywords=james+bond+in+movies&rh=i%3Aaps%2Ck%3Ajames+bond+in+movies&ajr=0
You Only Live Twice,$4.99 ,"Runtime:,1 hr 57 mins",13,http://www.amazon.com/s/ref=nb_sb_noss?url=search-alias%3Daps&field-keywords=james+bond+in+movies&rh=i%3Aaps%2Ck%3Ajames+bond+in+movies&ajr=0
Thunderball,$9.99 ,"Runtime:,2 hrs 11 mins",14,http://www.amazon.com/s/ref=nb_sb_noss?url=search-alias%3Daps&field-keywords=james+bond+in+movies&rh=i%3Aaps%2Ck%3Ajames+bond+in+movies&ajr=0
Die Another Day,$9.99 ,"Runtime:,2 hrs 12 mins",15,http://www.amazon.com/s/ref=nb_sb_noss?url=search-alias%3Daps&field-keywords=james+bond+in+movies&rh=i%3Aaps%2Ck%3Ajames+bond+in+movies&ajr=0
